asset,source
bosses:boss/king_goldenfang/command/0,Tools/art/gen_bosses.py:build
bosses:boss/king_goldenfang/command/1,Tools/art/gen_bosses.py:build
bosses:boss/king_goldenfang/command/2,Tools/art/gen_bosses.py:build
bosses:boss/king_goldenfang/command/3,Tools/art/gen_bosses.py:build
bosses:boss/king_goldenfang/defeat/0,Tools/art/gen_bosses.py:build
bosses:boss/king_goldenfang/defeat/1,Tools/art/gen_bosses.py:build
bosses:boss/king_goldenfang/defeat/2,Tools/art/gen_bosses.py:build
bosses:boss/king_goldenfang/defeat/3,Tools/art/gen_bosses.py:build
bosses:boss/king_goldenfang/defeat/4,Tools/art/gen_bosses.py:build
bosses:boss/king_goldenfang/defeat/5,Tools/art/gen_bosses.py:build
bosses:boss/king_goldenfang/hit/0,Tools/art/gen_bosses.py:build
bosses:boss/king_goldenfang/hit/1,Tools/art/gen_bosses.py:build
bosses:boss/king_goldenfang/idle/0,Tools/art/gen_bosses.py:build
bosses:boss/king_goldenfang/idle/1,Tools/art/gen_bosses.py:build
bosses:boss/king_goldenfang/idle/2,Tools/art/gen_bosses.py:build
bosses:boss/king_goldenfang/idle/3,Tools/art/gen_bosses.py:build
bosses:boss/king_goldenfang/roar/0,Tools/art/gen_bosses.py:build
bosses:boss/king_goldenfang/roar/1,Tools/art/gen_bosses.py:build
bosses:boss/king_goldenfang/roar/2,Tools/art/gen_bosses.py:build
bosses:boss/king_goldenfang/roar/3,Tools/art/gen_bosses.py:build
bosses:boss/king_goldenfang/volley/0,Tools/art/gen_bosses.py:build
bosses:boss/king_goldenfang/volley/1,Tools/art/gen_bosses.py:build
bosses:boss/king_goldenfang/volley/2,Tools/art/gen_bosses.py:build
bosses:boss/king_goldenfang/volley/3,Tools/art/gen_bosses.py:build
bosses:boss/king_goldenfang/walk/0,Tools/art/gen_bosses.py:build
bosses:boss/king_goldenfang/walk/1,Tools/art/gen_bosses.py:build
bosses:boss/king_goldenfang/walk/2,Tools/art/gen_bosses.py:build
bosses:boss/king_goldenfang/walk/3,Tools/art/gen_bosses.py:build
bosses:boss/king_goldenfang/windup/0,Tools/art/gen_bosses.py:build
bosses:boss/king_goldenfang/windup/1,Tools/art/gen_bosses.py:build
bosses:boss/king_goldenfang/windup/2,Tools/art/gen_bosses.py:build
bosses:boss/king_goldenfang/windup/3,Tools/art/gen_bosses.py:build
bosses:boss/mother_carrion/barrage/0,Tools/art/gen_bosses.py:build
bosses:boss/mother_carrion/barrage/1,Tools/art/gen_bosses.py:build
bosses:boss/mother_carrion/barrage/2,Tools/art/gen_bosses.py:build
bosses:boss/mother_carrion/barrage/3,Tools/art/gen_bosses.py:build
bosses:boss/mother_carrion/defeat/0,Tools/art/gen_bosses.py:build
bosses:boss/mother_carrion/defeat/1,Tools/art/gen_bosses.py:build
bosses:boss/mother_carrion/defeat/2,Tools/art/gen_bosses.py:build
bosses:boss/mother_carrion/defeat/3,Tools/art/gen_bosses.py:build
bosses:boss/mother_carrion/defeat/4,Tools/art/gen_bosses.py:build
bosses:boss/mother_carrion/defeat/5,Tools/art/gen_bosses.py:build
bosses:boss/mother_carrion/fly/0,Tools/art/gen_bosses.py:build
bosses:boss/mother_carrion/fly/1,Tools/art/gen_bosses.py:build
bosses:boss/mother_carrion/fly/2,Tools/art/gen_bosses.py:build
bosses:boss/mother_carrion/fly/3,Tools/art/gen_bosses.py:build
bosses:boss/mother_carrion/hit/0,Tools/art/gen_bosses.py:build
bosses:boss/mother_carrion/hit/1,Tools/art/gen_bosses.py:build
bosses:boss/mother_carrion/mark/0,Tools/art/gen_bosses.py:build
bosses:boss/mother_carrion/mark/1,Tools/art/gen_bosses.py:build
bosses:boss/mother_carrion/mark/2,Tools/art/gen_bosses.py:build
bosses:boss/mother_carrion/mark/3,Tools/art/gen_bosses.py:build
bosses:boss/mother_carrion/summon/0,Tools/art/gen_bosses.py:build
bosses:boss/mother_carrion/summon/1,Tools/art/gen_bosses.py:build
bosses:boss/mother_carrion/summon/2,Tools/art/gen_bosses.py:build
bosses:boss/mother_carrion/summon/3,Tools/art/gen_bosses.py:build
bosses:boss/sir_barkhelm/attack/0,Tools/art/gen_bosses.py:build
bosses:boss/sir_barkhelm/attack/1,Tools/art/gen_bosses.py:build
bosses:boss/sir_barkhelm/attack/2,Tools/art/gen_bosses.py:build
bosses:boss/sir_barkhelm/attack/3,Tools/art/gen_bosses.py:build
bosses:boss/sir_barkhelm/charge/0,Tools/art/gen_bosses.py:build
bosses:boss/sir_barkhelm/charge/1,Tools/art/gen_bosses.py:build
bosses:boss/sir_barkhelm/charge/2,Tools/art/gen_bosses.py:build
bosses:boss/sir_barkhelm/charge/3,Tools/art/gen_bosses.py:build
bosses:boss/sir_barkhelm/defeat/0,Tools/art/gen_bosses.py:build
bosses:boss/sir_barkhelm/defeat/1,Tools/art/gen_bosses.py:build
bosses:boss/sir_barkhelm/defeat/2,Tools/art/gen_bosses.py:build
bosses:boss/sir_barkhelm/defeat/3,Tools/art/gen_bosses.py:build
bosses:boss/sir_barkhelm/defeat/4,Tools/art/gen_bosses.py:build
bosses:boss/sir_barkhelm/defeat/5,Tools/art/gen_bosses.py:build
bosses:boss/sir_barkhelm/hit/0,Tools/art/gen_bosses.py:build
bosses:boss/sir_barkhelm/hit/1,Tools/art/gen_bosses.py:build
bosses:boss/sir_barkhelm/shield/0,Tools/art/gen_bosses.py:build
bosses:boss/sir_barkhelm/shield/1,Tools/art/gen_bosses.py:build
bosses:boss/sir_barkhelm/shield/2,Tools/art/gen_bosses.py:build
bosses:boss/sir_barkhelm/shield/3,Tools/art/gen_bosses.py:build
bosses:boss/sir_barkhelm/walk/0,Tools/art/gen_bosses.py:build
bosses:boss/sir_barkhelm/walk/1,Tools/art/gen_bosses.py:build
bosses:boss/sir_barkhelm/walk/2,Tools/art/gen_bosses.py:build
bosses:boss/sir_barkhelm/walk/3,Tools/art/gen_bosses.py:build
bosses:boss/sir_barkhelm/windup/0,Tools/art/gen_bosses.py:build
bosses:boss/sir_barkhelm/windup/1,Tools/art/gen_bosses.py:build
bosses:boss/sir_barkhelm/windup/2,Tools/art/gen_bosses.py:build
bosses:boss/sir_barkhelm/windup/3,Tools/art/gen_bosses.py:build
citadel:citadel/base,Tools/art/gen_citadel.py:build
citadel:citadel/cracks1,Tools/art/gen_citadel.py:build
citadel:citadel/cracks2,Tools/art/gen_citadel.py:build
citadel:citadel/reinforce1,Tools/art/gen_citadel.py:build
citadel:citadel/reinforce2,Tools/art/gen_citadel.py:build
citadel:citadel/reinforce3,Tools/art/gen_citadel.py:build
citadel:citadel/ruin,Tools/art/gen_citadel.py:build
citadel:citadel/shadow,Tools/art/gen_citadel.py:build
citadel:citadel/slot_glow,Tools/art/gen_citadel.py:build
citadel:citadel/stormheart/0,Tools/art/gen_citadel.py:build
citadel:citadel/stormheart/1,Tools/art/gen_citadel.py:build
citadel:citadel/stormheart/2,Tools/art/gen_citadel.py:build
citadel:citadel/stormheart/3,Tools/art/gen_citadel.py:build
enemies:enemy/bat/attack/0,Tools/art/gen_enemies.py:build
enemies:enemy/bat/attack/1,Tools/art/gen_enemies.py:build
enemies:enemy/bat/attack/2,Tools/art/gen_enemies.py:build
enemies:enemy/bat/attack/3,Tools/art/gen_enemies.py:build
enemies:enemy/bat/death/0,Tools/art/gen_enemies.py:build
enemies:enemy/bat/death/1,Tools/art/gen_enemies.py:build
enemies:enemy/bat/death/2,Tools/art/gen_enemies.py:build
enemies:enemy/bat/death/3,Tools/art/gen_enemies.py:build
enemies:enemy/bat/death/4,Tools/art/gen_enemies.py:build
enemies:enemy/bat/fly/0,Tools/art/gen_enemies.py:build
enemies:enemy/bat/fly/1,Tools/art/gen_enemies.py:build
enemies:enemy/bat/fly/2,Tools/art/gen_enemies.py:build
enemies:enemy/bat/fly/3,Tools/art/gen_enemies.py:build
enemies:enemy/bat_elite/attack/0,Tools/art/gen_enemies.py:build
enemies:enemy/bat_elite/attack/1,Tools/art/gen_enemies.py:build
enemies:enemy/bat_elite/attack/2,Tools/art/gen_enemies.py:build
enemies:enemy/bat_elite/attack/3,Tools/art/gen_enemies.py:build
enemies:enemy/bat_elite/death/0,Tools/art/gen_enemies.py:build
enemies:enemy/bat_elite/death/1,Tools/art/gen_enemies.py:build
enemies:enemy/bat_elite/death/2,Tools/art/gen_enemies.py:build
enemies:enemy/bat_elite/death/3,Tools/art/gen_enemies.py:build
enemies:enemy/bat_elite/death/4,Tools/art/gen_enemies.py:build
enemies:enemy/bat_elite/fly/0,Tools/art/gen_enemies.py:build
enemies:enemy/bat_elite/fly/1,Tools/art/gen_enemies.py:build
enemies:enemy/bat_elite/fly/2,Tools/art/gen_enemies.py:build
enemies:enemy/bat_elite/fly/3,Tools/art/gen_enemies.py:build
enemies:enemy/bell_priest/attack/0,Tools/art/gen_enemies.py:build
enemies:enemy/bell_priest/attack/1,Tools/art/gen_enemies.py:build
enemies:enemy/bell_priest/attack/2,Tools/art/gen_enemies.py:build
enemies:enemy/bell_priest/attack/3,Tools/art/gen_enemies.py:build
enemies:enemy/bell_priest/cast/0,Tools/art/gen_enemies.py:build
enemies:enemy/bell_priest/cast/1,Tools/art/gen_enemies.py:build
enemies:enemy/bell_priest/cast/2,Tools/art/gen_enemies.py:build
enemies:enemy/bell_priest/cast/3,Tools/art/gen_enemies.py:build
enemies:enemy/bell_priest/death/0,Tools/art/gen_enemies.py:build
enemies:enemy/bell_priest/death/1,Tools/art/gen_enemies.py:build
enemies:enemy/bell_priest/death/2,Tools/art/gen_enemies.py:build
enemies:enemy/bell_priest/death/3,Tools/art/gen_enemies.py:build
enemies:enemy/bell_priest/death/4,Tools/art/gen_enemies.py:build
enemies:enemy/bell_priest/walk/0,Tools/art/gen_enemies.py:build
enemies:enemy/bell_priest/walk/1,Tools/art/gen_enemies.py:build
enemies:enemy/bell_priest/walk/2,Tools/art/gen_enemies.py:build
enemies:enemy/bell_priest/walk/3,Tools/art/gen_enemies.py:build
enemies:enemy/bell_priest_elite/attack/0,Tools/art/gen_enemies.py:build
enemies:enemy/bell_priest_elite/attack/1,Tools/art/gen_enemies.py:build
enemies:enemy/bell_priest_elite/attack/2,Tools/art/gen_enemies.py:build
enemies:enemy/bell_priest_elite/attack/3,Tools/art/gen_enemies.py:build
enemies:enemy/bell_priest_elite/cast/0,Tools/art/gen_enemies.py:build
enemies:enemy/bell_priest_elite/cast/1,Tools/art/gen_enemies.py:build
enemies:enemy/bell_priest_elite/cast/2,Tools/art/gen_enemies.py:build
enemies:enemy/bell_priest_elite/cast/3,Tools/art/gen_enemies.py:build
enemies:enemy/bell_priest_elite/death/0,Tools/art/gen_enemies.py:build
enemies:enemy/bell_priest_elite/death/1,Tools/art/gen_enemies.py:build
enemies:enemy/bell_priest_elite/death/2,Tools/art/gen_enemies.py:build
enemies:enemy/bell_priest_elite/death/3,Tools/art/gen_enemies.py:build
enemies:enemy/bell_priest_elite/death/4,Tools/art/gen_enemies.py:build
enemies:enemy/bell_priest_elite/walk/0,Tools/art/gen_enemies.py:build
enemies:enemy/bell_priest_elite/walk/1,Tools/art/gen_enemies.py:build
enemies:enemy/bell_priest_elite/walk/2,Tools/art/gen_enemies.py:build
enemies:enemy/bell_priest_elite/walk/3,Tools/art/gen_enemies.py:build
enemies:enemy/crow_archer/attack/0,Tools/art/gen_enemies.py:build
enemies:enemy/crow_archer/attack/1,Tools/art/gen_enemies.py:build
enemies:enemy/crow_archer/attack/2,Tools/art/gen_enemies.py:build
enemies:enemy/crow_archer/attack/3,Tools/art/gen_enemies.py:build
enemies:enemy/crow_archer/death/0,Tools/art/gen_enemies.py:build
enemies:enemy/crow_archer/death/1,Tools/art/gen_enemies.py:build
enemies:enemy/crow_archer/death/2,Tools/art/gen_enemies.py:build
enemies:enemy/crow_archer/death/3,Tools/art/gen_enemies.py:build
enemies:enemy/crow_archer/death/4,Tools/art/gen_enemies.py:build
enemies:enemy/crow_archer/shoot/0,Tools/art/gen_enemies.py:build
enemies:enemy/crow_archer/shoot/1,Tools/art/gen_enemies.py:build
enemies:enemy/crow_archer/shoot/2,Tools/art/gen_enemies.py:build
enemies:enemy/crow_archer/shoot/3,Tools/art/gen_enemies.py:build
enemies:enemy/crow_archer/walk/0,Tools/art/gen_enemies.py:build
enemies:enemy/crow_archer/walk/1,Tools/art/gen_enemies.py:build
enemies:enemy/crow_archer/walk/2,Tools/art/gen_enemies.py:build
enemies:enemy/crow_archer/walk/3,Tools/art/gen_enemies.py:build
enemies:enemy/crow_archer_elite/attack/0,Tools/art/gen_enemies.py:build
enemies:enemy/crow_archer_elite/attack/1,Tools/art/gen_enemies.py:build
enemies:enemy/crow_archer_elite/attack/2,Tools/art/gen_enemies.py:build
enemies:enemy/crow_archer_elite/attack/3,Tools/art/gen_enemies.py:build
enemies:enemy/crow_archer_elite/death/0,Tools/art/gen_enemies.py:build
enemies:enemy/crow_archer_elite/death/1,Tools/art/gen_enemies.py:build
enemies:enemy/crow_archer_elite/death/2,Tools/art/gen_enemies.py:build
enemies:enemy/crow_archer_elite/death/3,Tools/art/gen_enemies.py:build
enemies:enemy/crow_archer_elite/death/4,Tools/art/gen_enemies.py:build
enemies:enemy/crow_archer_elite/shoot/0,Tools/art/gen_enemies.py:build
enemies:enemy/crow_archer_elite/shoot/1,Tools/art/gen_enemies.py:build
enemies:enemy/crow_archer_elite/shoot/2,Tools/art/gen_enemies.py:build
enemies:enemy/crow_archer_elite/shoot/3,Tools/art/gen_enemies.py:build
enemies:enemy/crow_archer_elite/walk/0,Tools/art/gen_enemies.py:build
enemies:enemy/crow_archer_elite/walk/1,Tools/art/gen_enemies.py:build
enemies:enemy/crow_archer_elite/walk/2,Tools/art/gen_enemies.py:build
enemies:enemy/crow_archer_elite/walk/3,Tools/art/gen_enemies.py:build
enemies:enemy/hound_runner/attack/0,Tools/art/gen_enemies.py:build
enemies:enemy/hound_runner/attack/1,Tools/art/gen_enemies.py:build
enemies:enemy/hound_runner/attack/2,Tools/art/gen_enemies.py:build
enemies:enemy/hound_runner/attack/3,Tools/art/gen_enemies.py:build
enemies:enemy/hound_runner/death/0,Tools/art/gen_enemies.py:build
enemies:enemy/hound_runner/death/1,Tools/art/gen_enemies.py:build
enemies:enemy/hound_runner/death/2,Tools/art/gen_enemies.py:build
enemies:enemy/hound_runner/death/3,Tools/art/gen_enemies.py:build
enemies:enemy/hound_runner/death/4,Tools/art/gen_enemies.py:build
enemies:enemy/hound_runner/walk/0,Tools/art/gen_enemies.py:build
enemies:enemy/hound_runner/walk/1,Tools/art/gen_enemies.py:build
enemies:enemy/hound_runner/walk/2,Tools/art/gen_enemies.py:build
enemies:enemy/hound_runner/walk/3,Tools/art/gen_enemies.py:build
enemies:enemy/hound_runner_elite/attack/0,Tools/art/gen_enemies.py:build
enemies:enemy/hound_runner_elite/attack/1,Tools/art/gen_enemies.py:build
enemies:enemy/hound_runner_elite/attack/2,Tools/art/gen_enemies.py:build
enemies:enemy/hound_runner_elite/attack/3,Tools/art/gen_enemies.py:build
enemies:enemy/hound_runner_elite/death/0,Tools/art/gen_enemies.py:build
enemies:enemy/hound_runner_elite/death/1,Tools/art/gen_enemies.py:build
enemies:enemy/hound_runner_elite/death/2,Tools/art/gen_enemies.py:build
enemies:enemy/hound_runner_elite/death/3,Tools/art/gen_enemies.py:build
enemies:enemy/hound_runner_elite/death/4,Tools/art/gen_enemies.py:build
enemies:enemy/hound_runner_elite/walk/0,Tools/art/gen_enemies.py:build
enemies:enemy/hound_runner_elite/walk/1,Tools/art/gen_enemies.py:build
enemies:enemy/hound_runner_elite/walk/2,Tools/art/gen_enemies.py:build
enemies:enemy/hound_runner_elite/walk/3,Tools/art/gen_enemies.py:build
enemies:enemy/iron_golem/attack/0,Tools/art/gen_enemies.py:build
enemies:enemy/iron_golem/attack/1,Tools/art/gen_enemies.py:build
enemies:enemy/iron_golem/attack/2,Tools/art/gen_enemies.py:build
enemies:enemy/iron_golem/attack/3,Tools/art/gen_enemies.py:build
enemies:enemy/iron_golem/death/0,Tools/art/gen_enemies.py:build
enemies:enemy/iron_golem/death/1,Tools/art/gen_enemies.py:build
enemies:enemy/iron_golem/death/2,Tools/art/gen_enemies.py:build
enemies:enemy/iron_golem/death/3,Tools/art/gen_enemies.py:build
enemies:enemy/iron_golem/death/4,Tools/art/gen_enemies.py:build
enemies:enemy/iron_golem/walk/0,Tools/art/gen_enemies.py:build
enemies:enemy/iron_golem/walk/1,Tools/art/gen_enemies.py:build
enemies:enemy/iron_golem/walk/2,Tools/art/gen_enemies.py:build
enemies:enemy/iron_golem/walk/3,Tools/art/gen_enemies.py:build
enemies:enemy/iron_golem_elite/attack/0,Tools/art/gen_enemies.py:build
enemies:enemy/iron_golem_elite/attack/1,Tools/art/gen_enemies.py:build
enemies:enemy/iron_golem_elite/attack/2,Tools/art/gen_enemies.py:build
enemies:enemy/iron_golem_elite/attack/3,Tools/art/gen_enemies.py:build
enemies:enemy/iron_golem_elite/death/0,Tools/art/gen_enemies.py:build
enemies:enemy/iron_golem_elite/death/1,Tools/art/gen_enemies.py:build
enemies:enemy/iron_golem_elite/death/2,Tools/art/gen_enemies.py:build
enemies:enemy/iron_golem_elite/death/3,Tools/art/gen_enemies.py:build
enemies:enemy/iron_golem_elite/death/4,Tools/art/gen_enemies.py:build
enemies:enemy/iron_golem_elite/walk/0,Tools/art/gen_enemies.py:build
enemies:enemy/iron_golem_elite/walk/1,Tools/art/gen_enemies.py:build
enemies:enemy/iron_golem_elite/walk/2,Tools/art/gen_enemies.py:build
enemies:enemy/iron_golem_elite/walk/3,Tools/art/gen_enemies.py:build
enemies:enemy/powder_rat/attack/0,Tools/art/gen_enemies.py:build
enemies:enemy/powder_rat/attack/1,Tools/art/gen_enemies.py:build
enemies:enemy/powder_rat/attack/2,Tools/art/gen_enemies.py:build
enemies:enemy/powder_rat/attack/3,Tools/art/gen_enemies.py:build
enemies:enemy/powder_rat/charge/0,Tools/art/gen_enemies.py:build
enemies:enemy/powder_rat/charge/1,Tools/art/gen_enemies.py:build
enemies:enemy/powder_rat/charge/2,Tools/art/gen_enemies.py:build
enemies:enemy/powder_rat/charge/3,Tools/art/gen_enemies.py:build
enemies:enemy/powder_rat/death/0,Tools/art/gen_enemies.py:build
enemies:enemy/powder_rat/death/1,Tools/art/gen_enemies.py:build
enemies:enemy/powder_rat/death/2,Tools/art/gen_enemies.py:build
enemies:enemy/powder_rat/death/3,Tools/art/gen_enemies.py:build
enemies:enemy/powder_rat/death/4,Tools/art/gen_enemies.py:build
enemies:enemy/powder_rat/fuse/0,Tools/art/gen_enemies.py:build
enemies:enemy/powder_rat/fuse/1,Tools/art/gen_enemies.py:build
enemies:enemy/powder_rat/fuse/2,Tools/art/gen_enemies.py:build
enemies:enemy/powder_rat/fuse/3,Tools/art/gen_enemies.py:build
enemies:enemy/powder_rat/walk/0,Tools/art/gen_enemies.py:build
enemies:enemy/powder_rat/walk/1,Tools/art/gen_enemies.py:build
enemies:enemy/powder_rat/walk/2,Tools/art/gen_enemies.py:build
enemies:enemy/powder_rat/walk/3,Tools/art/gen_enemies.py:build
enemies:enemy/powder_rat_elite/attack/0,Tools/art/gen_enemies.py:build
enemies:enemy/powder_rat_elite/attack/1,Tools/art/gen_enemies.py:build
enemies:enemy/powder_rat_elite/attack/2,Tools/art/gen_enemies.py:build
enemies:enemy/powder_rat_elite/attack/3,Tools/art/gen_enemies.py:build
enemies:enemy/powder_rat_elite/charge/0,Tools/art/gen_enemies.py:build
enemies:enemy/powder_rat_elite/charge/1,Tools/art/gen_enemies.py:build
enemies:enemy/powder_rat_elite/charge/2,Tools/art/gen_enemies.py:build
enemies:enemy/powder_rat_elite/charge/3,Tools/art/gen_enemies.py:build
enemies:enemy/powder_rat_elite/death/0,Tools/art/gen_enemies.py:build
enemies:enemy/powder_rat_elite/death/1,Tools/art/gen_enemies.py:build
enemies:enemy/powder_rat_elite/death/2,Tools/art/gen_enemies.py:build
enemies:enemy/powder_rat_elite/death/3,Tools/art/gen_enemies.py:build
enemies:enemy/powder_rat_elite/death/4,Tools/art/gen_enemies.py:build
enemies:enemy/powder_rat_elite/fuse/0,Tools/art/gen_enemies.py:build
enemies:enemy/powder_rat_elite/fuse/1,Tools/art/gen_enemies.py:build
enemies:enemy/powder_rat_elite/fuse/2,Tools/art/gen_enemies.py:build
enemies:enemy/powder_rat_elite/fuse/3,Tools/art/gen_enemies.py:build
enemies:enemy/powder_rat_elite/walk/0,Tools/art/gen_enemies.py:build
enemies:enemy/powder_rat_elite/walk/1,Tools/art/gen_enemies.py:build
enemies:enemy/powder_rat_elite/walk/2,Tools/art/gen_enemies.py:build
enemies:enemy/powder_rat_elite/walk/3,Tools/art/gen_enemies.py:build
enemies:enemy/rat_raider/attack/0,Tools/art/gen_enemies.py:build
enemies:enemy/rat_raider/attack/1,Tools/art/gen_enemies.py:build
enemies:enemy/rat_raider/attack/2,Tools/art/gen_enemies.py:build
enemies:enemy/rat_raider/attack/3,Tools/art/gen_enemies.py:build
enemies:enemy/rat_raider/death/0,Tools/art/gen_enemies.py:build
enemies:enemy/rat_raider/death/1,Tools/art/gen_enemies.py:build
enemies:enemy/rat_raider/death/2,Tools/art/gen_enemies.py:build
enemies:enemy/rat_raider/death/3,Tools/art/gen_enemies.py:build
enemies:enemy/rat_raider/death/4,Tools/art/gen_enemies.py:build
enemies:enemy/rat_raider/walk/0,Tools/art/gen_enemies.py:build
enemies:enemy/rat_raider/walk/1,Tools/art/gen_enemies.py:build
enemies:enemy/rat_raider/walk/2,Tools/art/gen_enemies.py:build
enemies:enemy/rat_raider/walk/3,Tools/art/gen_enemies.py:build
enemies:enemy/rat_raider_elite/attack/0,Tools/art/gen_enemies.py:build
enemies:enemy/rat_raider_elite/attack/1,Tools/art/gen_enemies.py:build
enemies:enemy/rat_raider_elite/attack/2,Tools/art/gen_enemies.py:build
enemies:enemy/rat_raider_elite/attack/3,Tools/art/gen_enemies.py:build
enemies:enemy/rat_raider_elite/death/0,Tools/art/gen_enemies.py:build
enemies:enemy/rat_raider_elite/death/1,Tools/art/gen_enemies.py:build
enemies:enemy/rat_raider_elite/death/2,Tools/art/gen_enemies.py:build
enemies:enemy/rat_raider_elite/death/3,Tools/art/gen_enemies.py:build
enemies:enemy/rat_raider_elite/death/4,Tools/art/gen_enemies.py:build
enemies:enemy/rat_raider_elite/walk/0,Tools/art/gen_enemies.py:build
enemies:enemy/rat_raider_elite/walk/1,Tools/art/gen_enemies.py:build
enemies:enemy/rat_raider_elite/walk/2,Tools/art/gen_enemies.py:build
enemies:enemy/rat_raider_elite/walk/3,Tools/art/gen_enemies.py:build
enemies:enemy/shield_guard/attack/0,Tools/art/gen_enemies.py:build
enemies:enemy/shield_guard/attack/1,Tools/art/gen_enemies.py:build
enemies:enemy/shield_guard/attack/2,Tools/art/gen_enemies.py:build
enemies:enemy/shield_guard/attack/3,Tools/art/gen_enemies.py:build
enemies:enemy/shield_guard/death/0,Tools/art/gen_enemies.py:build
enemies:enemy/shield_guard/death/1,Tools/art/gen_enemies.py:build
enemies:enemy/shield_guard/death/2,Tools/art/gen_enemies.py:build
enemies:enemy/shield_guard/death/3,Tools/art/gen_enemies.py:build
enemies:enemy/shield_guard/death/4,Tools/art/gen_enemies.py:build
enemies:enemy/shield_guard/walk/0,Tools/art/gen_enemies.py:build
enemies:enemy/shield_guard/walk/1,Tools/art/gen_enemies.py:build
enemies:enemy/shield_guard/walk/2,Tools/art/gen_enemies.py:build
enemies:enemy/shield_guard/walk/3,Tools/art/gen_enemies.py:build
enemies:enemy/shield_guard_elite/attack/0,Tools/art/gen_enemies.py:build
enemies:enemy/shield_guard_elite/attack/1,Tools/art/gen_enemies.py:build
enemies:enemy/shield_guard_elite/attack/2,Tools/art/gen_enemies.py:build
enemies:enemy/shield_guard_elite/attack/3,Tools/art/gen_enemies.py:build
enemies:enemy/shield_guard_elite/death/0,Tools/art/gen_enemies.py:build
enemies:enemy/shield_guard_elite/death/1,Tools/art/gen_enemies.py:build
enemies:enemy/shield_guard_elite/death/2,Tools/art/gen_enemies.py:build
enemies:enemy/shield_guard_elite/death/3,Tools/art/gen_enemies.py:build
enemies:enemy/shield_guard_elite/death/4,Tools/art/gen_enemies.py:build
enemies:enemy/shield_guard_elite/walk/0,Tools/art/gen_enemies.py:build
enemies:enemy/shield_guard_elite/walk/1,Tools/art/gen_enemies.py:build
enemies:enemy/shield_guard_elite/walk/2,Tools/art/gen_enemies.py:build
enemies:enemy/shield_guard_elite/walk/3,Tools/art/gen_enemies.py:build
env_gravewood:env/gravewood/ground,Tools/art/gen_env.py:build
env_gravewood:env/gravewood/path/0,Tools/art/gen_env.py:build
env_gravewood:env/gravewood/path/1,Tools/art/gen_env.py:build
env_gravewood:env/gravewood/path/2,Tools/art/gen_env.py:build
env_gravewood:env/gravewood/path/3,Tools/art/gen_env.py:build
env_gravewood:env/gravewood/prop/bush_a,Tools/art/gen_env.py:build
env_gravewood:env/gravewood/prop/bush_b,Tools/art/gen_env.py:build
env_gravewood:env/gravewood/prop/grass_a,Tools/art/gen_env.py:build
env_gravewood:env/gravewood/prop/grass_b,Tools/art/gen_env.py:build
env_gravewood:env/gravewood/prop/grass_c,Tools/art/gen_env.py:build
env_gravewood:env/gravewood/prop/grave_a,Tools/art/gen_env.py:build
env_gravewood:env/gravewood/prop/grave_b,Tools/art/gen_env.py:build
env_gravewood:env/gravewood/prop/grave_c,Tools/art/gen_env.py:build
env_gravewood:env/gravewood/prop/grave_d,Tools/art/gen_env.py:build
env_gravewood:env/gravewood/prop/lantern_post,Tools/art/gen_env.py:build
env_gravewood:env/gravewood/prop/mushroom_a,Tools/art/gen_env.py:build
env_gravewood:env/gravewood/prop/mushroom_b,Tools/art/gen_env.py:build
env_gravewood:env/gravewood/prop/rock_a,Tools/art/gen_env.py:build
env_gravewood:env/gravewood/prop/rock_b,Tools/art/gen_env.py:build
env_gravewood:env/gravewood/prop/stump,Tools/art/gen_env.py:build
env_gravewood:env/gravewood/prop/tree_dead_a,Tools/art/gen_env.py:build
env_gravewood:env/gravewood/prop/tree_dead_b,Tools/art/gen_env.py:build
env_gravewood:env/gravewood/prop/tree_dead_c,Tools/art/gen_env.py:build
env_gravewood:env/gravewood/prop/wall_broken_a,Tools/art/gen_env.py:build
env_gravewood:env/gravewood/prop/wall_broken_b,Tools/art/gen_env.py:build
env_gravewood:env/gravewood/prop/wall_broken_c,Tools/art/gen_env.py:build
env_gravewood:env/gravewood/vignette,Tools/art/gen_env.py:build
env_moonfall:env/moonfall/ground,Tools/art/gen_env.py:build
env_moonfall:env/moonfall/path/0,Tools/art/gen_env.py:build
env_moonfall:env/moonfall/path/1,Tools/art/gen_env.py:build
env_moonfall:env/moonfall/path/2,Tools/art/gen_env.py:build
env_moonfall:env/moonfall/path/3,Tools/art/gen_env.py:build
env_moonfall:env/moonfall/prop/banner_torn,Tools/art/gen_env.py:build
env_moonfall:env/moonfall/prop/brazier,Tools/art/gen_env.py:build
env_moonfall:env/moonfall/prop/cat_statue_a,Tools/art/gen_env.py:build
env_moonfall:env/moonfall/prop/cat_statue_b,Tools/art/gen_env.py:build
env_moonfall:env/moonfall/prop/crystal_a,Tools/art/gen_env.py:build
env_moonfall:env/moonfall/prop/crystal_b,Tools/art/gen_env.py:build
env_moonfall:env/moonfall/prop/grass_a,Tools/art/gen_env.py:build
env_moonfall:env/moonfall/prop/grass_b,Tools/art/gen_env.py:build
env_moonfall:env/moonfall/prop/pillar_a,Tools/art/gen_env.py:build
env_moonfall:env/moonfall/prop/pillar_b,Tools/art/gen_env.py:build
env_moonfall:env/moonfall/prop/pillar_c,Tools/art/gen_env.py:build
env_moonfall:env/moonfall/prop/puddle,Tools/art/gen_env.py:build
env_moonfall:env/moonfall/prop/rubble_a,Tools/art/gen_env.py:build
env_moonfall:env/moonfall/prop/rubble_b,Tools/art/gen_env.py:build
env_moonfall:env/moonfall/prop/rubble_c,Tools/art/gen_env.py:build
env_moonfall:env/moonfall/vignette,Tools/art/gen_env.py:build
fx:fx/arc_storm_strike/0,Tools/art/gen_fx.py:build
fx:fx/arc_storm_strike/1,Tools/art/gen_fx.py:build
fx:fx/arc_storm_strike/2,Tools/art/gen_fx.py:build
fx:fx/arc_storm_strike/3,Tools/art/gen_fx.py:build
fx:fx/arc_storm_strike/4,Tools/art/gen_fx.py:build
fx:fx/arc_storm_strike/5,Tools/art/gen_fx.py:build
fx:fx/armour_break,Tools/art/gen_fx.py:build
fx:fx/arrow,Tools/art/gen_fx.py:build
fx:fx/ballista_bolt,Tools/art/gen_fx.py:build
fx:fx/barrier_ring/0,Tools/art/gen_fx.py:build
fx:fx/barrier_ring/1,Tools/art/gen_fx.py:build
fx:fx/barrier_ring/2,Tools/art/gen_fx.py:build
fx:fx/barrier_ring/3,Tools/art/gen_fx.py:build
fx:fx/bleed/0,Tools/art/gen_fx.py:build
fx:fx/bleed/1,Tools/art/gen_fx.py:build
fx:fx/bleed/2,Tools/art/gen_fx.py:build
fx:fx/bleed/3,Tools/art/gen_fx.py:build
fx:fx/boss_aura/0,Tools/art/gen_fx.py:build
fx:fx/boss_aura/1,Tools/art/gen_fx.py:build
fx:fx/burn/0,Tools/art/gen_fx.py:build
fx:fx/burn/1,Tools/art/gen_fx.py:build
fx:fx/burn/2,Tools/art/gen_fx.py:build
fx:fx/burn/3,Tools/art/gen_fx.py:build
fx:fx/chill,Tools/art/gen_fx.py:build
fx:fx/coin/0,Tools/art/gen_fx.py:build
fx:fx/coin/1,Tools/art/gen_fx.py:build
fx:fx/coin/2,Tools/art/gen_fx.py:build
fx:fx/coin/3,Tools/art/gen_fx.py:build
fx:fx/death_poof/0,Tools/art/gen_fx.py:build
fx:fx/death_poof/1,Tools/art/gen_fx.py:build
fx:fx/death_poof/2,Tools/art/gen_fx.py:build
fx:fx/death_poof/3,Tools/art/gen_fx.py:build
fx:fx/death_poof/4,Tools/art/gen_fx.py:build
fx:fx/dust/0,Tools/art/gen_fx.py:build
fx:fx/dust/1,Tools/art/gen_fx.py:build
fx:fx/dust/2,Tools/art/gen_fx.py:build
fx:fx/dust/3,Tools/art/gen_fx.py:build
fx:fx/elite_aura/0,Tools/art/gen_fx.py:build
fx:fx/elite_aura/1,Tools/art/gen_fx.py:build
fx:fx/explosion/0,Tools/art/gen_fx.py:build
fx:fx/explosion/1,Tools/art/gen_fx.py:build
fx:fx/explosion/2,Tools/art/gen_fx.py:build
fx:fx/explosion/3,Tools/art/gen_fx.py:build
fx:fx/explosion/4,Tools/art/gen_fx.py:build
fx:fx/explosion/5,Tools/art/gen_fx.py:build
fx:fx/explosion/6,Tools/art/gen_fx.py:build
fx:fx/feather/0,Tools/art/gen_fx.py:build
fx:fx/feather/1,Tools/art/gen_fx.py:build
fx:fx/frost_burst/0,Tools/art/gen_fx.py:build
fx:fx/frost_burst/1,Tools/art/gen_fx.py:build
fx:fx/frost_burst/2,Tools/art/gen_fx.py:build
fx:fx/frost_burst/3,Tools/art/gen_fx.py:build
fx:fx/frost_burst/4,Tools/art/gen_fx.py:build
fx:fx/frost_burst/5,Tools/art/gen_fx.py:build
fx:fx/frozen,Tools/art/gen_fx.py:build
fx:fx/gravity_well/0,Tools/art/gen_fx.py:build
fx:fx/gravity_well/1,Tools/art/gen_fx.py:build
fx:fx/gravity_well/2,Tools/art/gen_fx.py:build
fx:fx/gravity_well/3,Tools/art/gen_fx.py:build
fx:fx/gravity_well/4,Tools/art/gen_fx.py:build
fx:fx/gravity_well/5,Tools/art/gen_fx.py:build
fx:fx/heal/0,Tools/art/gen_fx.py:build
fx:fx/heal/1,Tools/art/gen_fx.py:build
fx:fx/heal/2,Tools/art/gen_fx.py:build
fx:fx/heal/3,Tools/art/gen_fx.py:build
fx:fx/heal/4,Tools/art/gen_fx.py:build
fx:fx/impact/0,Tools/art/gen_fx.py:build
fx:fx/impact/1,Tools/art/gen_fx.py:build
fx:fx/impact/2,Tools/art/gen_fx.py:build
fx:fx/impact/3,Tools/art/gen_fx.py:build
fx:fx/level_up/0,Tools/art/gen_fx.py:build
fx:fx/level_up/1,Tools/art/gen_fx.py:build
fx:fx/level_up/2,Tools/art/gen_fx.py:build
fx:fx/level_up/3,Tools/art/gen_fx.py:build
fx:fx/level_up/4,Tools/art/gen_fx.py:build
fx:fx/level_up/5,Tools/art/gen_fx.py:build
fx:fx/lightning_tex,Tools/art/gen_fx.py:build
fx:fx/mark,Tools/art/gen_fx.py:build
fx:fx/powder_blast/0,Tools/art/gen_fx.py:build
fx:fx/powder_blast/1,Tools/art/gen_fx.py:build
fx:fx/powder_blast/2,Tools/art/gen_fx.py:build
fx:fx/powder_blast/3,Tools/art/gen_fx.py:build
fx:fx/powder_blast/4,Tools/art/gen_fx.py:build
fx:fx/powder_blast/5,Tools/art/gen_fx.py:build
fx:fx/priest_heal_ring/0,Tools/art/gen_fx.py:build
fx:fx/priest_heal_ring/1,Tools/art/gen_fx.py:build
fx:fx/priest_heal_ring/2,Tools/art/gen_fx.py:build
fx:fx/priest_heal_ring/3,Tools/art/gen_fx.py:build
fx:fx/priest_heal_ring/4,Tools/art/gen_fx.py:build
fx:fx/range_ring,Tools/art/gen_fx.py:build
fx:fx/sector_edge,Tools/art/gen_fx.py:build
fx:fx/shadow,Tools/art/gen_fx.py:build
fx:fx/shatter/0,Tools/art/gen_fx.py:build
fx:fx/shatter/1,Tools/art/gen_fx.py:build
fx:fx/shatter/2,Tools/art/gen_fx.py:build
fx:fx/shatter/3,Tools/art/gen_fx.py:build
fx:fx/shatter/4,Tools/art/gen_fx.py:build
fx:fx/shell/0,Tools/art/gen_fx.py:build
fx:fx/shell/1,Tools/art/gen_fx.py:build
fx:fx/spark_hit/0,Tools/art/gen_fx.py:build
fx:fx/spark_hit/1,Tools/art/gen_fx.py:build
fx:fx/spark_hit/2,Tools/art/gen_fx.py:build
fx:fx/spark_hit/3,Tools/art/gen_fx.py:build
fx:fx/spark_hit/4,Tools/art/gen_fx.py:build
fx:fx/stun/0,Tools/art/gen_fx.py:build
fx:fx/stun/1,Tools/art/gen_fx.py:build
fx:fx/stun/2,Tools/art/gen_fx.py:build
fx:fx/stun/3,Tools/art/gen_fx.py:build
fx:fx/synergy_link,Tools/art/gen_fx.py:build
fx:fx/target_reticle/0,Tools/art/gen_fx.py:build
fx:fx/target_reticle/1,Tools/art/gen_fx.py:build
fx:fx/telegraph_chevron,Tools/art/gen_fx.py:build
fx:fx/telegraph_circle,Tools/art/gen_fx.py:build
fx:fx/telegraph_fill,Tools/art/gen_fx.py:build
fx:fx/winter_ring/0,Tools/art/gen_fx.py:build
fx:fx/winter_ring/1,Tools/art/gen_fx.py:build
fx:fx/winter_ring/2,Tools/art/gen_fx.py:build
fx:fx/winter_ring/3,Tools/art/gen_fx.py:build
fx:fx/winter_ring/4,Tools/art/gen_fx.py:build
fx:fx/winter_ring/5,Tools/art/gen_fx.py:build
fx:fx/xp_orb/0,Tools/art/gen_fx.py:build
fx:fx/xp_orb/1,Tools/art/gen_fx.py:build
fx:fx/xp_orb/2,Tools/art/gen_fx.py:build
fx:fx/xp_orb/3,Tools/art/gen_fx.py:build
hero:hero/arc_light_cat/attack/0,Tools/art/gen_hero.py:build
hero:hero/arc_light_cat/attack/1,Tools/art/gen_hero.py:build
hero:hero/arc_light_cat/attack/2,Tools/art/gen_hero.py:build
hero:hero/arc_light_cat/attack/3,Tools/art/gen_hero.py:build
hero:hero/arc_light_cat/attack/4,Tools/art/gen_hero.py:build
hero:hero/arc_light_cat/cast/0,Tools/art/gen_hero.py:build
hero:hero/arc_light_cat/cast/1,Tools/art/gen_hero.py:build
hero:hero/arc_light_cat/cast/2,Tools/art/gen_hero.py:build
hero:hero/arc_light_cat/cast/3,Tools/art/gen_hero.py:build
hero:hero/arc_light_cat/cast/4,Tools/art/gen_hero.py:build
hero:hero/arc_light_cat/cast/5,Tools/art/gen_hero.py:build
hero:hero/arc_light_cat/cast/6,Tools/art/gen_hero.py:build
hero:hero/arc_light_cat/cast/7,Tools/art/gen_hero.py:build
hero:hero/arc_light_cat/defeat/0,Tools/art/gen_hero.py:build
hero:hero/arc_light_cat/defeat/1,Tools/art/gen_hero.py:build
hero:hero/arc_light_cat/defeat/2,Tools/art/gen_hero.py:build
hero:hero/arc_light_cat/defeat/3,Tools/art/gen_hero.py:build
hero:hero/arc_light_cat/defeat/4,Tools/art/gen_hero.py:build
hero:hero/arc_light_cat/defeat/5,Tools/art/gen_hero.py:build
hero:hero/arc_light_cat/hit/0,Tools/art/gen_hero.py:build
hero:hero/arc_light_cat/hit/1,Tools/art/gen_hero.py:build
hero:hero/arc_light_cat/hit/2,Tools/art/gen_hero.py:build
hero:hero/arc_light_cat/idle/0,Tools/art/gen_hero.py:build
hero:hero/arc_light_cat/idle/1,Tools/art/gen_hero.py:build
hero:hero/arc_light_cat/idle/2,Tools/art/gen_hero.py:build
hero:hero/arc_light_cat/idle/3,Tools/art/gen_hero.py:build
hero:hero/arc_light_cat/idle/4,Tools/art/gen_hero.py:build
hero:hero/arc_light_cat/idle/5,Tools/art/gen_hero.py:build
hero:hero/arc_light_cat/idle/6,Tools/art/gen_hero.py:build
hero:hero/arc_light_cat/idle/7,Tools/art/gen_hero.py:build
hero:hero/arc_light_cat/victory/0,Tools/art/gen_hero.py:build
hero:hero/arc_light_cat/victory/1,Tools/art/gen_hero.py:build
hero:hero/arc_light_cat/victory/2,Tools/art/gen_hero.py:build
hero:hero/arc_light_cat/victory/3,Tools/art/gen_hero.py:build
hero:hero/arc_light_cat/victory/4,Tools/art/gen_hero.py:build
hero:hero/arc_light_cat/victory/5,Tools/art/gen_hero.py:build
hero:hero/arc_light_cat_ember/attack/0,Tools/art/gen_hero.py:build
hero:hero/arc_light_cat_ember/attack/1,Tools/art/gen_hero.py:build
hero:hero/arc_light_cat_ember/attack/2,Tools/art/gen_hero.py:build
hero:hero/arc_light_cat_ember/attack/3,Tools/art/gen_hero.py:build
hero:hero/arc_light_cat_ember/attack/4,Tools/art/gen_hero.py:build
hero:hero/arc_light_cat_ember/cast/0,Tools/art/gen_hero.py:build
hero:hero/arc_light_cat_ember/cast/1,Tools/art/gen_hero.py:build
hero:hero/arc_light_cat_ember/cast/2,Tools/art/gen_hero.py:build
hero:hero/arc_light_cat_ember/cast/3,Tools/art/gen_hero.py:build
hero:hero/arc_light_cat_ember/cast/4,Tools/art/gen_hero.py:build
hero:hero/arc_light_cat_ember/cast/5,Tools/art/gen_hero.py:build
hero:hero/arc_light_cat_ember/cast/6,Tools/art/gen_hero.py:build
hero:hero/arc_light_cat_ember/cast/7,Tools/art/gen_hero.py:build
hero:hero/arc_light_cat_ember/defeat/0,Tools/art/gen_hero.py:build
hero:hero/arc_light_cat_ember/defeat/1,Tools/art/gen_hero.py:build
hero:hero/arc_light_cat_ember/defeat/2,Tools/art/gen_hero.py:build
hero:hero/arc_light_cat_ember/defeat/3,Tools/art/gen_hero.py:build
hero:hero/arc_light_cat_ember/defeat/4,Tools/art/gen_hero.py:build
hero:hero/arc_light_cat_ember/defeat/5,Tools/art/gen_hero.py:build
hero:hero/arc_light_cat_ember/hit/0,Tools/art/gen_hero.py:build
hero:hero/arc_light_cat_ember/hit/1,Tools/art/gen_hero.py:build
hero:hero/arc_light_cat_ember/hit/2,Tools/art/gen_hero.py:build
hero:hero/arc_light_cat_ember/idle/0,Tools/art/gen_hero.py:build
hero:hero/arc_light_cat_ember/idle/1,Tools/art/gen_hero.py:build
hero:hero/arc_light_cat_ember/idle/2,Tools/art/gen_hero.py:build
hero:hero/arc_light_cat_ember/idle/3,Tools/art/gen_hero.py:build
hero:hero/arc_light_cat_ember/idle/4,Tools/art/gen_hero.py:build
hero:hero/arc_light_cat_ember/idle/5,Tools/art/gen_hero.py:build
hero:hero/arc_light_cat_ember/idle/6,Tools/art/gen_hero.py:build
hero:hero/arc_light_cat_ember/idle/7,Tools/art/gen_hero.py:build
hero:hero/arc_light_cat_ember/victory/0,Tools/art/gen_hero.py:build
hero:hero/arc_light_cat_ember/victory/1,Tools/art/gen_hero.py:build
hero:hero/arc_light_cat_ember/victory/2,Tools/art/gen_hero.py:build
hero:hero/arc_light_cat_ember/victory/3,Tools/art/gen_hero.py:build
hero:hero/arc_light_cat_ember/victory/4,Tools/art/gen_hero.py:build
hero:hero/arc_light_cat_ember/victory/5,Tools/art/gen_hero.py:build
hero:hero/arc_light_cat_frost/attack/0,Tools/art/gen_hero.py:build
hero:hero/arc_light_cat_frost/attack/1,Tools/art/gen_hero.py:build
hero:hero/arc_light_cat_frost/attack/2,Tools/art/gen_hero.py:build
hero:hero/arc_light_cat_frost/attack/3,Tools/art/gen_hero.py:build
hero:hero/arc_light_cat_frost/attack/4,Tools/art/gen_hero.py:build
hero:hero/arc_light_cat_frost/cast/0,Tools/art/gen_hero.py:build
hero:hero/arc_light_cat_frost/cast/1,Tools/art/gen_hero.py:build
hero:hero/arc_light_cat_frost/cast/2,Tools/art/gen_hero.py:build
hero:hero/arc_light_cat_frost/cast/3,Tools/art/gen_hero.py:build
hero:hero/arc_light_cat_frost/cast/4,Tools/art/gen_hero.py:build
hero:hero/arc_light_cat_frost/cast/5,Tools/art/gen_hero.py:build
hero:hero/arc_light_cat_frost/cast/6,Tools/art/gen_hero.py:build
hero:hero/arc_light_cat_frost/cast/7,Tools/art/gen_hero.py:build
hero:hero/arc_light_cat_frost/defeat/0,Tools/art/gen_hero.py:build
hero:hero/arc_light_cat_frost/defeat/1,Tools/art/gen_hero.py:build
hero:hero/arc_light_cat_frost/defeat/2,Tools/art/gen_hero.py:build
hero:hero/arc_light_cat_frost/defeat/3,Tools/art/gen_hero.py:build
hero:hero/arc_light_cat_frost/defeat/4,Tools/art/gen_hero.py:build
hero:hero/arc_light_cat_frost/defeat/5,Tools/art/gen_hero.py:build
hero:hero/arc_light_cat_frost/hit/0,Tools/art/gen_hero.py:build
hero:hero/arc_light_cat_frost/hit/1,Tools/art/gen_hero.py:build
hero:hero/arc_light_cat_frost/hit/2,Tools/art/gen_hero.py:build
hero:hero/arc_light_cat_frost/idle/0,Tools/art/gen_hero.py:build
hero:hero/arc_light_cat_frost/idle/1,Tools/art/gen_hero.py:build
hero:hero/arc_light_cat_frost/idle/2,Tools/art/gen_hero.py:build
hero:hero/arc_light_cat_frost/idle/3,Tools/art/gen_hero.py:build
hero:hero/arc_light_cat_frost/idle/4,Tools/art/gen_hero.py:build
hero:hero/arc_light_cat_frost/idle/5,Tools/art/gen_hero.py:build
hero:hero/arc_light_cat_frost/idle/6,Tools/art/gen_hero.py:build
hero:hero/arc_light_cat_frost/idle/7,Tools/art/gen_hero.py:build
hero:hero/arc_light_cat_frost/victory/0,Tools/art/gen_hero.py:build
hero:hero/arc_light_cat_frost/victory/1,Tools/art/gen_hero.py:build
hero:hero/arc_light_cat_frost/victory/2,Tools/art/gen_hero.py:build
hero:hero/arc_light_cat_frost/victory/3,Tools/art/gen_hero.py:build
hero:hero/arc_light_cat_frost/victory/4,Tools/art/gen_hero.py:build
hero:hero/arc_light_cat_frost/victory/5,Tools/art/gen_hero.py:build
hero:hero/arc_light_cat_gilded/attack/0,Tools/art/gen_hero.py:build
hero:hero/arc_light_cat_gilded/attack/1,Tools/art/gen_hero.py:build
hero:hero/arc_light_cat_gilded/attack/2,Tools/art/gen_hero.py:build
hero:hero/arc_light_cat_gilded/attack/3,Tools/art/gen_hero.py:build
hero:hero/arc_light_cat_gilded/attack/4,Tools/art/gen_hero.py:build
hero:hero/arc_light_cat_gilded/cast/0,Tools/art/gen_hero.py:build
hero:hero/arc_light_cat_gilded/cast/1,Tools/art/gen_hero.py:build
hero:hero/arc_light_cat_gilded/cast/2,Tools/art/gen_hero.py:build
hero:hero/arc_light_cat_gilded/cast/3,Tools/art/gen_hero.py:build
hero:hero/arc_light_cat_gilded/cast/4,Tools/art/gen_hero.py:build
hero:hero/arc_light_cat_gilded/cast/5,Tools/art/gen_hero.py:build
hero:hero/arc_light_cat_gilded/cast/6,Tools/art/gen_hero.py:build
hero:hero/arc_light_cat_gilded/cast/7,Tools/art/gen_hero.py:build
hero:hero/arc_light_cat_gilded/defeat/0,Tools/art/gen_hero.py:build
hero:hero/arc_light_cat_gilded/defeat/1,Tools/art/gen_hero.py:build
hero:hero/arc_light_cat_gilded/defeat/2,Tools/art/gen_hero.py:build
hero:hero/arc_light_cat_gilded/defeat/3,Tools/art/gen_hero.py:build
hero:hero/arc_light_cat_gilded/defeat/4,Tools/art/gen_hero.py:build
hero:hero/arc_light_cat_gilded/defeat/5,Tools/art/gen_hero.py:build
hero:hero/arc_light_cat_gilded/hit/0,Tools/art/gen_hero.py:build
hero:hero/arc_light_cat_gilded/hit/1,Tools/art/gen_hero.py:build
hero:hero/arc_light_cat_gilded/hit/2,Tools/art/gen_hero.py:build
hero:hero/arc_light_cat_gilded/idle/0,Tools/art/gen_hero.py:build
hero:hero/arc_light_cat_gilded/idle/1,Tools/art/gen_hero.py:build
hero:hero/arc_light_cat_gilded/idle/2,Tools/art/gen_hero.py:build
hero:hero/arc_light_cat_gilded/idle/3,Tools/art/gen_hero.py:build
hero:hero/arc_light_cat_gilded/idle/4,Tools/art/gen_hero.py:build
hero:hero/arc_light_cat_gilded/idle/5,Tools/art/gen_hero.py:build
hero:hero/arc_light_cat_gilded/idle/6,Tools/art/gen_hero.py:build
hero:hero/arc_light_cat_gilded/idle/7,Tools/art/gen_hero.py:build
hero:hero/arc_light_cat_gilded/victory/0,Tools/art/gen_hero.py:build
hero:hero/arc_light_cat_gilded/victory/1,Tools/art/gen_hero.py:build
hero:hero/arc_light_cat_gilded/victory/2,Tools/art/gen_hero.py:build
hero:hero/arc_light_cat_gilded/victory/3,Tools/art/gen_hero.py:build
hero:hero/arc_light_cat_gilded/victory/4,Tools/art/gen_hero.py:build
hero:hero/arc_light_cat_gilded/victory/5,Tools/art/gen_hero.py:build
icons:icon/ad,Tools/art/gen_icons.py:build
icons:icon/arrow_left,Tools/art/gen_icons.py:build
icons:icon/arrow_right,Tools/art/gen_icons.py:build
icons:icon/back,Tools/art/gen_icons.py:build
icons:icon/bolt,Tools/art/gen_icons.py:build
icons:icon/bone,Tools/art/gen_icons.py:build
icons:icon/boss,Tools/art/gen_icons.py:build
icons:icon/calendar,Tools/art/gen_icons.py:build
icons:icon/chain,Tools/art/gen_icons.py:build
icons:icon/check,Tools/art/gen_icons.py:build
icons:icon/clock,Tools/art/gen_icons.py:build
icons:icon/close,Tools/art/gen_icons.py:build
icons:icon/cloud,Tools/art/gen_icons.py:build
icons:icon/crit,Tools/art/gen_icons.py:build
icons:icon/crown,Tools/art/gen_icons.py:build
icons:icon/enemy/bat_swarm,Tools/art/gen_enemies.py:build
icons:icon/enemy/bell_priest,Tools/art/gen_enemies.py:build
icons:icon/enemy/crow_archer,Tools/art/gen_enemies.py:build
icons:icon/enemy/hound_runner,Tools/art/gen_enemies.py:build
icons:icon/enemy/iron_golem,Tools/art/gen_enemies.py:build
icons:icon/enemy/king_goldenfang,Tools/art/gen_bosses.py:build
icons:icon/enemy/mother_carrion,Tools/art/gen_bosses.py:build
icons:icon/enemy/powder_rat,Tools/art/gen_enemies.py:build
icons:icon/enemy/rat_raider,Tools/art/gen_enemies.py:build
icons:icon/enemy/shield_guard,Tools/art/gen_enemies.py:build
icons:icon/enemy/sir_barkhelm,Tools/art/gen_bosses.py:build
icons:icon/eye,Tools/art/gen_icons.py:build
icons:icon/flag,Tools/art/gen_icons.py:build
icons:icon/flame,Tools/art/gen_icons.py:build
icons:icon/flash_off,Tools/art/gen_icons.py:build
icons:icon/gift,Tools/art/gen_icons.py:build
icons:icon/globe,Tools/art/gen_icons.py:build
icons:icon/gravity,Tools/art/gen_icons.py:build
icons:icon/haste,Tools/art/gen_icons.py:build
icons:icon/heart,Tools/art/gen_icons.py:build
icons:icon/heart_plus,Tools/art/gen_icons.py:build
icons:icon/home,Tools/art/gen_icons.py:build
icons:icon/info,Tools/art/gen_icons.py:build
icons:icon/lantern,Tools/art/gen_icons.py:build
icons:icon/lock,Tools/art/gen_icons.py:build
icons:icon/magnet,Tools/art/gen_icons.py:build
icons:icon/map,Tools/art/gen_icons.py:build
icons:icon/minus,Tools/art/gen_icons.py:build
icons:icon/module/arc_coil,Tools/art/gen_stations.py:build
icons:icon/module/bone_ballista,Tools/art/gen_stations.py:build
icons:icon/module/ember_maw,Tools/art/gen_stations.py:build
icons:icon/module/frost_whisker,Tools/art/gen_stations.py:build
icons:icon/module/gravity_paw,Tools/art/gen_stations.py:build
icons:icon/module/ward_lantern,Tools/art/gen_stations.py:build
icons:icon/moon_gold,Tools/art/gen_icons.py:build
icons:icon/music,Tools/art/gen_icons.py:build
icons:icon/numbers,Tools/art/gen_icons.py:build
icons:icon/pause,Tools/art/gen_icons.py:build
icons:icon/perk/arc_conductive_chill,Tools/art/gen_icons.py:build
icons:icon/perk/arc_forked_bolt,Tools/art/gen_icons.py:build
icons:icon/perk/arc_overcharged_crown,Tools/art/gen_icons.py:build
icons:icon/perk/arc_static_mark,Tools/art/gen_icons.py:build
icons:icon/perk/arc_thunderclap,Tools/art/gen_icons.py:build
icons:icon/perk/bone_armour_break,Tools/art/gen_icons.py:build
icons:icon/perk/bone_barbed_bolts,Tools/art/gen_icons.py:build
icons:icon/perk/bone_double_nock,Tools/art/gen_icons.py:build
icons:icon/perk/bone_executioner,Tools/art/gen_icons.py:build
icons:icon/perk/bone_heavy_quarrels,Tools/art/gen_icons.py:build
icons:icon/perk/ember_cinder_spread,Tools/art/gen_icons.py:build
icons:icon/perk/ember_furnace_heart,Tools/art/gen_icons.py:build
icons:icon/perk/ember_lingering_embers,Tools/art/gen_icons.py:build
icons:icon/perk/ember_molten_shell,Tools/art/gen_icons.py:build
icons:icon/perk/ember_wildfire_pact,Tools/art/gen_icons.py:build
icons:icon/perk/frost_brittle_armour,Tools/art/gen_icons.py:build
icons:icon/perk/frost_deep_chill,Tools/art/gen_icons.py:build
icons:icon/perk/frost_frozen_oath,Tools/art/gen_icons.py:build
icons:icon/perk/frost_shatter,Tools/art/gen_icons.py:build
icons:icon/perk/frost_winter_ring,Tools/art/gen_icons.py:build
icons:icon/perk/gravity_crushing_centre,Tools/art/gen_icons.py:build
icons:icon/perk/gravity_event_horizon,Tools/art/gen_icons.py:build
icons:icon/perk/gravity_falling_star,Tools/art/gen_icons.py:build
icons:icon/perk/gravity_unstable_singularity,Tools/art/gen_icons.py:build
icons:icon/perk/gravity_wider_orbit,Tools/art/gen_icons.py:build
icons:icon/perk/ward_guardian_pact,Tools/art/gen_icons.py:build
icons:icon/perk/ward_last_thread,Tools/art/gen_icons.py:build
icons:icon/perk/ward_mending_purr,Tools/art/gen_icons.py:build
icons:icon/perk/ward_reflective_fur,Tools/art/gen_icons.py:build
icons:icon/perk/ward_reinforced_barrier,Tools/art/gen_icons.py:build
icons:icon/play,Tools/art/gen_icons.py:build
icons:icon/play_ad,Tools/art/gen_icons.py:build
icons:icon/plus,Tools/art/gen_icons.py:build
icons:icon/profile,Tools/art/gen_icons.py:build
icons:icon/refresh,Tools/art/gen_icons.py:build
icons:icon/regen,Tools/art/gen_icons.py:build
icons:icon/scroll,Tools/art/gen_icons.py:build
icons:icon/settings,Tools/art/gen_icons.py:build
icons:icon/sfx,Tools/art/gen_icons.py:build
icons:icon/shake_off,Tools/art/gen_icons.py:build
icons:icon/shield,Tools/art/gen_icons.py:build
icons:icon/shop,Tools/art/gen_icons.py:build
icons:icon/skull,Tools/art/gen_icons.py:build
icons:icon/snowflake,Tools/art/gen_icons.py:build
icons:icon/spark,Tools/art/gen_icons.py:build
icons:icon/speed1,Tools/art/gen_icons.py:build
icons:icon/speed2,Tools/art/gen_icons.py:build
icons:icon/star,Tools/art/gen_icons.py:build
icons:icon/star_burst,Tools/art/gen_icons.py:build
icons:icon/star_empty,Tools/art/gen_icons.py:build
icons:icon/storm_shard,Tools/art/gen_icons.py:build
icons:icon/swap,Tools/art/gen_icons.py:build
icons:icon/sword,Tools/art/gen_icons.py:build
icons:icon/target_nearest,Tools/art/gen_icons.py:build
icons:icon/target_ranged,Tools/art/gen_icons.py:build
icons:icon/target_strongest,Tools/art/gen_icons.py:build
icons:icon/trophy,Tools/art/gen_icons.py:build
icons:icon/up_arrow,Tools/art/gen_icons.py:build
icons:icon/vibration,Tools/art/gen_icons.py:build
icons:icon/warning,Tools/art/gen_icons.py:build
icons:icon/xp,Tools/art/gen_icons.py:build
portraits:avatar/arc_light_cat,Tools/art/gen_hero.py:build
portraits:avatar/calico_cat,Tools/art/gen_stations.py:build
portraits:avatar/hooded_cat,Tools/art/gen_stations.py:build
portraits:avatar/orange_cat,Tools/art/gen_stations.py:build
portraits:avatar/purple_eyed_cat,Tools/art/gen_stations.py:build
portraits:avatar/silver_tabby,Tools/art/gen_stations.py:build
portraits:avatar/skeletal_cat,Tools/art/gen_stations.py:build
portraits:avatar/white_cat,Tools/art/gen_stations.py:build
portraits:portrait/arc_coil,Tools/art/gen_stations.py:build
portraits:portrait/arc_light_cat,Tools/art/gen_hero.py:build
portraits:portrait/bone_ballista,Tools/art/gen_stations.py:build
portraits:portrait/ember_maw,Tools/art/gen_stations.py:build
portraits:portrait/frost_whisker,Tools/art/gen_stations.py:build
portraits:portrait/gravity_paw,Tools/art/gen_stations.py:build
portraits:portrait/king_goldenfang,Tools/art/gen_bosses.py:build
portraits:portrait/mother_carrion,Tools/art/gen_bosses.py:build
portraits:portrait/sir_barkhelm,Tools/art/gen_bosses.py:build
portraits:portrait/ward_lantern,Tools/art/gen_stations.py:build
stations:station/arc_coil/t1/fire/0,Tools/art/gen_stations.py:build_stations
stations:station/arc_coil/t1/fire/1,Tools/art/gen_stations.py:build_stations
stations:station/arc_coil/t1/fire/2,Tools/art/gen_stations.py:build_stations
stations:station/arc_coil/t1/fire/3,Tools/art/gen_stations.py:build_stations
stations:station/arc_coil/t1/fire/4,Tools/art/gen_stations.py:build_stations
stations:station/arc_coil/t1/idle/0,Tools/art/gen_stations.py:build_stations
stations:station/arc_coil/t1/idle/1,Tools/art/gen_stations.py:build_stations
stations:station/arc_coil/t1/idle/2,Tools/art/gen_stations.py:build_stations
stations:station/arc_coil/t1/idle/3,Tools/art/gen_stations.py:build_stations
stations:station/arc_coil/t2/fire/0,Tools/art/gen_stations.py:build_stations
stations:station/arc_coil/t2/fire/1,Tools/art/gen_stations.py:build_stations
stations:station/arc_coil/t2/fire/2,Tools/art/gen_stations.py:build_stations
stations:station/arc_coil/t2/fire/3,Tools/art/gen_stations.py:build_stations
stations:station/arc_coil/t2/fire/4,Tools/art/gen_stations.py:build_stations
stations:station/arc_coil/t2/idle/0,Tools/art/gen_stations.py:build_stations
stations:station/arc_coil/t2/idle/1,Tools/art/gen_stations.py:build_stations
stations:station/arc_coil/t2/idle/2,Tools/art/gen_stations.py:build_stations
stations:station/arc_coil/t2/idle/3,Tools/art/gen_stations.py:build_stations
stations:station/arc_coil/t3/fire/0,Tools/art/gen_stations.py:build_stations
stations:station/arc_coil/t3/fire/1,Tools/art/gen_stations.py:build_stations
stations:station/arc_coil/t3/fire/2,Tools/art/gen_stations.py:build_stations
stations:station/arc_coil/t3/fire/3,Tools/art/gen_stations.py:build_stations
stations:station/arc_coil/t3/fire/4,Tools/art/gen_stations.py:build_stations
stations:station/arc_coil/t3/idle/0,Tools/art/gen_stations.py:build_stations
stations:station/arc_coil/t3/idle/1,Tools/art/gen_stations.py:build_stations
stations:station/arc_coil/t3/idle/2,Tools/art/gen_stations.py:build_stations
stations:station/arc_coil/t3/idle/3,Tools/art/gen_stations.py:build_stations
stations:station/bone_ballista/t1/fire/0,Tools/art/gen_stations.py:build_stations
stations:station/bone_ballista/t1/fire/1,Tools/art/gen_stations.py:build_stations
stations:station/bone_ballista/t1/fire/2,Tools/art/gen_stations.py:build_stations
stations:station/bone_ballista/t1/fire/3,Tools/art/gen_stations.py:build_stations
stations:station/bone_ballista/t1/fire/4,Tools/art/gen_stations.py:build_stations
stations:station/bone_ballista/t1/idle/0,Tools/art/gen_stations.py:build_stations
stations:station/bone_ballista/t1/idle/1,Tools/art/gen_stations.py:build_stations
stations:station/bone_ballista/t1/idle/2,Tools/art/gen_stations.py:build_stations
stations:station/bone_ballista/t1/idle/3,Tools/art/gen_stations.py:build_stations
stations:station/bone_ballista/t2/fire/0,Tools/art/gen_stations.py:build_stations
stations:station/bone_ballista/t2/fire/1,Tools/art/gen_stations.py:build_stations
stations:station/bone_ballista/t2/fire/2,Tools/art/gen_stations.py:build_stations
stations:station/bone_ballista/t2/fire/3,Tools/art/gen_stations.py:build_stations
stations:station/bone_ballista/t2/fire/4,Tools/art/gen_stations.py:build_stations
stations:station/bone_ballista/t2/idle/0,Tools/art/gen_stations.py:build_stations
stations:station/bone_ballista/t2/idle/1,Tools/art/gen_stations.py:build_stations
stations:station/bone_ballista/t2/idle/2,Tools/art/gen_stations.py:build_stations
stations:station/bone_ballista/t2/idle/3,Tools/art/gen_stations.py:build_stations
stations:station/bone_ballista/t3/fire/0,Tools/art/gen_stations.py:build_stations
stations:station/bone_ballista/t3/fire/1,Tools/art/gen_stations.py:build_stations
stations:station/bone_ballista/t3/fire/2,Tools/art/gen_stations.py:build_stations
stations:station/bone_ballista/t3/fire/3,Tools/art/gen_stations.py:build_stations
stations:station/bone_ballista/t3/fire/4,Tools/art/gen_stations.py:build_stations
stations:station/bone_ballista/t3/idle/0,Tools/art/gen_stations.py:build_stations
stations:station/bone_ballista/t3/idle/1,Tools/art/gen_stations.py:build_stations
stations:station/bone_ballista/t3/idle/2,Tools/art/gen_stations.py:build_stations
stations:station/bone_ballista/t3/idle/3,Tools/art/gen_stations.py:build_stations
stations:station/ember_maw/t1/fire/0,Tools/art/gen_stations.py:build_stations
stations:station/ember_maw/t1/fire/1,Tools/art/gen_stations.py:build_stations
stations:station/ember_maw/t1/fire/2,Tools/art/gen_stations.py:build_stations
stations:station/ember_maw/t1/fire/3,Tools/art/gen_stations.py:build_stations
stations:station/ember_maw/t1/fire/4,Tools/art/gen_stations.py:build_stations
stations:station/ember_maw/t1/idle/0,Tools/art/gen_stations.py:build_stations
stations:station/ember_maw/t1/idle/1,Tools/art/gen_stations.py:build_stations
stations:station/ember_maw/t1/idle/2,Tools/art/gen_stations.py:build_stations
stations:station/ember_maw/t1/idle/3,Tools/art/gen_stations.py:build_stations
stations:station/ember_maw/t2/fire/0,Tools/art/gen_stations.py:build_stations
stations:station/ember_maw/t2/fire/1,Tools/art/gen_stations.py:build_stations
stations:station/ember_maw/t2/fire/2,Tools/art/gen_stations.py:build_stations
stations:station/ember_maw/t2/fire/3,Tools/art/gen_stations.py:build_stations
stations:station/ember_maw/t2/fire/4,Tools/art/gen_stations.py:build_stations
stations:station/ember_maw/t2/idle/0,Tools/art/gen_stations.py:build_stations
stations:station/ember_maw/t2/idle/1,Tools/art/gen_stations.py:build_stations
stations:station/ember_maw/t2/idle/2,Tools/art/gen_stations.py:build_stations
stations:station/ember_maw/t2/idle/3,Tools/art/gen_stations.py:build_stations
stations:station/ember_maw/t3/fire/0,Tools/art/gen_stations.py:build_stations
stations:station/ember_maw/t3/fire/1,Tools/art/gen_stations.py:build_stations
stations:station/ember_maw/t3/fire/2,Tools/art/gen_stations.py:build_stations
stations:station/ember_maw/t3/fire/3,Tools/art/gen_stations.py:build_stations
stations:station/ember_maw/t3/fire/4,Tools/art/gen_stations.py:build_stations
stations:station/ember_maw/t3/idle/0,Tools/art/gen_stations.py:build_stations
stations:station/ember_maw/t3/idle/1,Tools/art/gen_stations.py:build_stations
stations:station/ember_maw/t3/idle/2,Tools/art/gen_stations.py:build_stations
stations:station/ember_maw/t3/idle/3,Tools/art/gen_stations.py:build_stations
stations:station/frost_whisker/t1/fire/0,Tools/art/gen_stations.py:build_stations
stations:station/frost_whisker/t1/fire/1,Tools/art/gen_stations.py:build_stations
stations:station/frost_whisker/t1/fire/2,Tools/art/gen_stations.py:build_stations
stations:station/frost_whisker/t1/fire/3,Tools/art/gen_stations.py:build_stations
stations:station/frost_whisker/t1/fire/4,Tools/art/gen_stations.py:build_stations
stations:station/frost_whisker/t1/idle/0,Tools/art/gen_stations.py:build_stations
stations:station/frost_whisker/t1/idle/1,Tools/art/gen_stations.py:build_stations
stations:station/frost_whisker/t1/idle/2,Tools/art/gen_stations.py:build_stations
stations:station/frost_whisker/t1/idle/3,Tools/art/gen_stations.py:build_stations
stations:station/frost_whisker/t2/fire/0,Tools/art/gen_stations.py:build_stations
stations:station/frost_whisker/t2/fire/1,Tools/art/gen_stations.py:build_stations
stations:station/frost_whisker/t2/fire/2,Tools/art/gen_stations.py:build_stations
stations:station/frost_whisker/t2/fire/3,Tools/art/gen_stations.py:build_stations
stations:station/frost_whisker/t2/fire/4,Tools/art/gen_stations.py:build_stations
stations:station/frost_whisker/t2/idle/0,Tools/art/gen_stations.py:build_stations
stations:station/frost_whisker/t2/idle/1,Tools/art/gen_stations.py:build_stations
stations:station/frost_whisker/t2/idle/2,Tools/art/gen_stations.py:build_stations
stations:station/frost_whisker/t2/idle/3,Tools/art/gen_stations.py:build_stations
stations:station/frost_whisker/t3/fire/0,Tools/art/gen_stations.py:build_stations
stations:station/frost_whisker/t3/fire/1,Tools/art/gen_stations.py:build_stations
stations:station/frost_whisker/t3/fire/2,Tools/art/gen_stations.py:build_stations
stations:station/frost_whisker/t3/fire/3,Tools/art/gen_stations.py:build_stations
stations:station/frost_whisker/t3/fire/4,Tools/art/gen_stations.py:build_stations
stations:station/frost_whisker/t3/idle/0,Tools/art/gen_stations.py:build_stations
stations:station/frost_whisker/t3/idle/1,Tools/art/gen_stations.py:build_stations
stations:station/frost_whisker/t3/idle/2,Tools/art/gen_stations.py:build_stations
stations:station/frost_whisker/t3/idle/3,Tools/art/gen_stations.py:build_stations
stations:station/gravity_paw/t1/fire/0,Tools/art/gen_stations.py:build_stations
stations:station/gravity_paw/t1/fire/1,Tools/art/gen_stations.py:build_stations
stations:station/gravity_paw/t1/fire/2,Tools/art/gen_stations.py:build_stations
stations:station/gravity_paw/t1/fire/3,Tools/art/gen_stations.py:build_stations
stations:station/gravity_paw/t1/fire/4,Tools/art/gen_stations.py:build_stations
stations:station/gravity_paw/t1/idle/0,Tools/art/gen_stations.py:build_stations
stations:station/gravity_paw/t1/idle/1,Tools/art/gen_stations.py:build_stations
stations:station/gravity_paw/t1/idle/2,Tools/art/gen_stations.py:build_stations
stations:station/gravity_paw/t1/idle/3,Tools/art/gen_stations.py:build_stations
stations:station/gravity_paw/t2/fire/0,Tools/art/gen_stations.py:build_stations
stations:station/gravity_paw/t2/fire/1,Tools/art/gen_stations.py:build_stations
stations:station/gravity_paw/t2/fire/2,Tools/art/gen_stations.py:build_stations
stations:station/gravity_paw/t2/fire/3,Tools/art/gen_stations.py:build_stations
stations:station/gravity_paw/t2/fire/4,Tools/art/gen_stations.py:build_stations
stations:station/gravity_paw/t2/idle/0,Tools/art/gen_stations.py:build_stations
stations:station/gravity_paw/t2/idle/1,Tools/art/gen_stations.py:build_stations
stations:station/gravity_paw/t2/idle/2,Tools/art/gen_stations.py:build_stations
stations:station/gravity_paw/t2/idle/3,Tools/art/gen_stations.py:build_stations
stations:station/gravity_paw/t3/fire/0,Tools/art/gen_stations.py:build_stations
stations:station/gravity_paw/t3/fire/1,Tools/art/gen_stations.py:build_stations
stations:station/gravity_paw/t3/fire/2,Tools/art/gen_stations.py:build_stations
stations:station/gravity_paw/t3/fire/3,Tools/art/gen_stations.py:build_stations
stations:station/gravity_paw/t3/fire/4,Tools/art/gen_stations.py:build_stations
stations:station/gravity_paw/t3/idle/0,Tools/art/gen_stations.py:build_stations
stations:station/gravity_paw/t3/idle/1,Tools/art/gen_stations.py:build_stations
stations:station/gravity_paw/t3/idle/2,Tools/art/gen_stations.py:build_stations
stations:station/gravity_paw/t3/idle/3,Tools/art/gen_stations.py:build_stations
stations:station/ward_lantern/t1/fire/0,Tools/art/gen_stations.py:build_stations
stations:station/ward_lantern/t1/fire/1,Tools/art/gen_stations.py:build_stations
stations:station/ward_lantern/t1/fire/2,Tools/art/gen_stations.py:build_stations
stations:station/ward_lantern/t1/fire/3,Tools/art/gen_stations.py:build_stations
stations:station/ward_lantern/t1/fire/4,Tools/art/gen_stations.py:build_stations
stations:station/ward_lantern/t1/idle/0,Tools/art/gen_stations.py:build_stations
stations:station/ward_lantern/t1/idle/1,Tools/art/gen_stations.py:build_stations
stations:station/ward_lantern/t1/idle/2,Tools/art/gen_stations.py:build_stations
stations:station/ward_lantern/t1/idle/3,Tools/art/gen_stations.py:build_stations
stations:station/ward_lantern/t2/fire/0,Tools/art/gen_stations.py:build_stations
stations:station/ward_lantern/t2/fire/1,Tools/art/gen_stations.py:build_stations
stations:station/ward_lantern/t2/fire/2,Tools/art/gen_stations.py:build_stations
stations:station/ward_lantern/t2/fire/3,Tools/art/gen_stations.py:build_stations
stations:station/ward_lantern/t2/fire/4,Tools/art/gen_stations.py:build_stations
stations:station/ward_lantern/t2/idle/0,Tools/art/gen_stations.py:build_stations
stations:station/ward_lantern/t2/idle/1,Tools/art/gen_stations.py:build_stations
stations:station/ward_lantern/t2/idle/2,Tools/art/gen_stations.py:build_stations
stations:station/ward_lantern/t2/idle/3,Tools/art/gen_stations.py:build_stations
stations:station/ward_lantern/t3/fire/0,Tools/art/gen_stations.py:build_stations
stations:station/ward_lantern/t3/fire/1,Tools/art/gen_stations.py:build_stations
stations:station/ward_lantern/t3/fire/2,Tools/art/gen_stations.py:build_stations
stations:station/ward_lantern/t3/fire/3,Tools/art/gen_stations.py:build_stations
stations:station/ward_lantern/t3/fire/4,Tools/art/gen_stations.py:build_stations
stations:station/ward_lantern/t3/idle/0,Tools/art/gen_stations.py:build_stations
stations:station/ward_lantern/t3/idle/1,Tools/art/gen_stations.py:build_stations
stations:station/ward_lantern/t3/idle/2,Tools/art/gen_stations.py:build_stations
stations:station/ward_lantern/t3/idle/3,Tools/art/gen_stations.py:build_stations
ui:logo/emblem,Tools/art/gen_ui.py:add
ui:logo/emblem_small,Tools/art/gen_ui.py:add
ui:ui/badge,Tools/art/gen_ui.py:add
ui:ui/bar_bg,Tools/art/gen_ui.py:add
ui:ui/bar_fill,Tools/art/gen_ui.py:add
ui:ui/button,Tools/art/gen_ui.py:add
ui:ui/button_disabled,Tools/art/gen_ui.py:add
ui:ui/button_gold,Tools/art/gen_ui.py:add
ui:ui/button_gold_pressed,Tools/art/gen_ui.py:add
ui:ui/button_pressed,Tools/art/gen_ui.py:add
ui:ui/button_red,Tools/art/gen_ui.py:add
ui:ui/button_red_pressed,Tools/art/gen_ui.py:add
ui:ui/card,Tools/art/gen_ui.py:add
ui:ui/circle,Tools/art/gen_ui.py:add
ui:ui/divider,Tools/art/gen_ui.py:add
ui:ui/dock,Tools/art/gen_ui.py:add
ui:ui/lock,Tools/art/gen_ui.py:add
ui:ui/panel,Tools/art/gen_ui.py:add
ui:ui/panel_inset,Tools/art/gen_ui.py:add
ui:ui/ring,Tools/art/gen_ui.py:add
ui:ui/slider_bg,Tools/art/gen_ui.py:add
ui:ui/slider_fill,Tools/art/gen_ui.py:add
ui:ui/slider_handle,Tools/art/gen_ui.py:add
ui:ui/slot_frame,Tools/art/gen_ui.py:add
ui:ui/tab,Tools/art/gen_ui.py:add
ui:ui/tab_active,Tools/art/gen_ui.py:add
ui:ui/toggle_off,Tools/art/gen_ui.py:add
ui:ui/toggle_on,Tools/art/gen_ui.py:add
ui:ui/tooltip,Tools/art/gen_ui.py:add
ui:ui/topbar,Tools/art/gen_ui.py:add
ui:ui/vignette,Tools/art/gen_ui.py:add
ui:ui/white,Tools/art/gen_ui.py:add
